,PHY,AQA,KS3Y7
,PHY,AQA,KS3Y8
,PHY,AQA,KS3Y9
,PHY,AQA,GCSE10
,PHY,AQA,GCSEY11
,PHY,AQA,AS
,PHY,AQA,A2
,PHY,EDX,KS3Y7
,PHY,EDX,KS3Y8
,PHY,EDX,KS3Y9
,PHY,EDX,GCSE10
,PHY,EDX,GCSEY11
,PHY,EDX,AS
,PHY,EDX,A2
,PHY,OCR,KS3Y7
,PHY,OCR,KS3Y8
,PHY,OCR,KS3Y9
,PHY,OCR,GCSE10
,PHY,OCR,GCSEY11
,PHY,OCR,AS
,PHY,OCR,A2
,PHY,WJEC,KS3Y7
,PHY,WJEC,KS3Y8
,PHY,WJEC,KS3Y9
,PHY,WJEC,GCSE10
,PHY,WJEC,GCSEY11
,PHY,WJEC,AS
,PHY,WJEC,A2
,PHY,CIE,KS3Y7
,PHY,CIE,KS3Y8
,PHY,CIE,KS3Y9
,PHY,CIE,GCSE10
,PHY,CIE,GCSEY11
,PHY,CIE,AS
,PHY,CIE,A2
,PHY,CCEA,KS3Y7
,PHY,CCEA,KS3Y8
,PHY,CCEA,KS3Y9
,PHY,CCEA,GCSE10
,PHY,CCEA,GCSEY11
,PHY,CCEA,AS
,PHY,CCEA,A2
,PHY,ICAAE,KS3Y7
,PHY,ICAAE,KS3Y8
,PHY,ICAAE,KS3Y9
,PHY,ICAAE,GCSE10
,PHY,ICAAE,GCSEY11
,PHY,ICAAE,AS
,PHY,ICAAE,A2
,BIO,AQA,KS3Y7
,BIO,AQA,KS3Y8
,BIO,AQA,KS3Y9
,BIO,AQA,GCSE10
,BIO,AQA,GCSEY11
,BIO,AQA,AS
,BIO,AQA,A2
,BIO,EDX,KS3Y7
,BIO,EDX,KS3Y8
,BIO,EDX,KS3Y9
,BIO,EDX,GCSE10
,BIO,EDX,GCSEY11
,BIO,EDX,AS
,BIO,EDX,A2
,BIO,OCR,KS3Y7
,BIO,OCR,KS3Y8
,BIO,OCR,KS3Y9
,BIO,OCR,GCSE10
,BIO,OCR,GCSEY11
,BIO,OCR,AS
,BIO,OCR,A2
,BIO,WJEC,KS3Y7
,BIO,WJEC,KS3Y8
,BIO,WJEC,KS3Y9
,BIO,WJEC,GCSE10
,BIO,WJEC,GCSEY11
,BIO,WJEC,AS
,BIO,WJEC,A2
,BIO,CIE,KS3Y7
,BIO,CIE,KS3Y8
,BIO,CIE,KS3Y9
,BIO,CIE,GCSE10
,BIO,CIE,GCSEY11
,BIO,CIE,AS
,BIO,CIE,A2
,BIO,CCEA,KS3Y7
,BIO,CCEA,KS3Y8
,BIO,CCEA,KS3Y9
,BIO,CCEA,GCSE10
,BIO,CCEA,GCSEY11
,BIO,CCEA,AS
,BIO,CCEA,A2
,BIO,ICAAE,KS3Y7
,BIO,ICAAE,KS3Y8
,BIO,ICAAE,KS3Y9
,BIO,ICAAE,GCSE10
,BIO,ICAAE,GCSEY11
,BIO,ICAAE,AS
,BIO,ICAAE,A2
,CHEM,AQA,KS3Y7
,CHEM,AQA,KS3Y8
,CHEM,AQA,KS3Y9
,CHEM,AQA,GCSE10
,CHEM,AQA,GCSEY11
,CHEM,AQA,AS
,CHEM,AQA,A2
,CHEM,EDX,KS3Y7
,CHEM,EDX,KS3Y8
,CHEM,EDX,KS3Y9
,CHEM,EDX,GCSE10
,CHEM,EDX,GCSEY11
,CHEM,EDX,AS
,CHEM,EDX,A2
,CHEM,OCR,KS3Y7
,CHEM,OCR,KS3Y8
,CHEM,OCR,KS3Y9
,CHEM,OCR,GCSE10
,CHEM,OCR,GCSEY11
,CHEM,OCR,AS
,CHEM,OCR,A2
,CHEM,WJEC,KS3Y7
,CHEM,WJEC,KS3Y8
,CHEM,WJEC,KS3Y9
,CHEM,WJEC,GCSE10
,CHEM,WJEC,GCSEY11
,CHEM,WJEC,AS
,CHEM,WJEC,A2
,CHEM,CIE,KS3Y7
,CHEM,CIE,KS3Y8
,CHEM,CIE,KS3Y9
,CHEM,CIE,GCSE10
,CHEM,CIE,GCSEY11
,CHEM,CIE,AS
,CHEM,CIE,A2
,CHEM,CCEA,KS3Y7
,CHEM,CCEA,KS3Y8
,CHEM,CCEA,KS3Y9
,CHEM,CCEA,GCSE10
,CHEM,CCEA,GCSEY11
,CHEM,CCEA,AS
,CHEM,CCEA,A2
,CHEM,ICAAE,KS3Y7
,CHEM,ICAAE,KS3Y8
,CHEM,ICAAE,KS3Y9
,CHEM,ICAAE,GCSE10
,CHEM,ICAAE,GCSEY11
,CHEM,ICAAE,AS
,CHEM,ICAAE,A2
,MATH,AQA,KS3Y7
,MATH,AQA,KS3Y8
,MATH,AQA,KS3Y9
,MATH,AQA,GCSE10
,MATH,AQA,GCSEY11
,MATH,AQA,AS
,MATH,AQA,A2
,MATH,EDX,KS3Y7
,MATH,EDX,KS3Y8
,MATH,EDX,KS3Y9
,MATH,EDX,GCSE10
,MATH,EDX,GCSEY11
,MATH,EDX,AS
,MATH,EDX,A2
,MATH,OCR,KS3Y7
,MATH,OCR,KS3Y8
,MATH,OCR,KS3Y9
,MATH,OCR,GCSE10
,MATH,OCR,GCSEY11
,MATH,OCR,AS
,MATH,OCR,A2
,MATH,WJEC,KS3Y7
,MATH,WJEC,KS3Y8
,MATH,WJEC,KS3Y9
,MATH,WJEC,GCSE10
,MATH,WJEC,GCSEY11
,MATH,WJEC,AS
,MATH,WJEC,A2
,MATH,CIE,KS3Y7
,MATH,CIE,KS3Y8
,MATH,CIE,KS3Y9
,MATH,CIE,GCSE10
,MATH,CIE,GCSEY11
,MATH,CIE,AS
,MATH,CIE,A2
,MATH,CCEA,KS3Y7
,MATH,CCEA,KS3Y8
,MATH,CCEA,KS3Y9
,MATH,CCEA,GCSE10
,MATH,CCEA,GCSEY11
,MATH,CCEA,AS
,MATH,CCEA,A2
,MATH,ICAAE,KS3Y7
,MATH,ICAAE,KS3Y8
,MATH,ICAAE,KS3Y9
,MATH,ICAAE,GCSE10
,MATH,ICAAE,GCSEY11
,MATH,ICAAE,AS
,MATH,ICAAE,A2
,PHY,NULL,AS
,BIO,NULL,AS
,CHEM,NULL,AS
,MATH,NULL,AS
,PHY,NULL,A2
,BIO,NULL,A2
,CHEM,NULL,A2
,MATH,NULL,A2
,PHY,NULL,GCSE
,BIO,NULL,GCSE
,CHEM,NULL,GCSE
,MATH,NULL,GCSE
